coin_type,symbol,address,decimals
trc20,USDT,TR7NHqjeKQxGTCi8q8ZY4pL8otSzgjLj6t,6
trc20,USDC,TEkxiTehnzSmSe2XqrBj4w32RUN966rdz8,6
trc20,WTRX,TNUC9Qb1rRpS5CbWLmNMxXBjyFoydXjWFR,6
trc20,ETH,THb4CqiFdwNHsWsQCs4JhzwjMWys4aqCbF,18
trc20,WBT,TFptbWaARrWTX5Yvy3gNG5Lm8BmhPx82Bt,8
trc20,USDD,TPYmHEhy5n8TCEfYGqW2rPxsghSfzghPDn,18
trc20,BTT,TAFjULxiVgT4qWk6UZwjqwZXTSaGaqnVp4,18
trc20,NFT,TFczxzPhnThNSqr5by8tvxsdCFRRz6cPNq,6
trc20,JST,TCFLL5dx5ZJdKnWuesXxi1VPwjLVmWZZy9,18
trc20,FLUX,TWr6yzukRwZ53HDe3bzcC8RCTbiKa4Zzb6,8
trc20,USDJ,TMwFHYXLJaRUPeW6421aqXL4ZEzPRFGkGT,18
trc20,SUN,TSSMHYeV2uE9qYH95DqyoCuNCzEL1NvU3S,18
trc20,WIN,TLa2f6VPqDgRE67v1736s7bJ8Ray5wYjU7,6
trc20,SUNDOG,TXL6rJbvmjD46zeN1JssfgxvSo99qC8MRT,18
trc20,sTRX,TU3kjFuhtEo42tsCBtfYUAZxoqQ4yuSLQ5,18
trc20,KLV,TVj7RNVHy6thbM7BWdSe9G6gXwKhjhdNZS,6
trc20,FMC,TF8EjxT89LmcUNKV3fq55oeD5V44V7tjo2,8
trc20,CCC,TRv9ipj4kKAZqQggQ7ceJpe5ERD1ZShpgs,18
trc20,TC,TCMwzYUUCxLkTNpXjkYSBgXgqXwt7KJ82y,4
trc20,USTX,TYX2iy3i3793YgKU5vqKxDnLpiBMSa5EdV,6
trc20,GOLC,TDXyBerEqKHrGLEQFH9S3prXHPQiqaDsTA,18
trc20,FOFAR,TUFonyWZ4Tza5MzgDj6g2u5rfdGoRVYG7g,18
trc20,BIAO,TR95WcjR78Y4puyv8BkbFuxaf4WcvmmPpd,18
trc20,SUNPEPE,TAzpJHxxgJd8f5AKjzndEndH3S9pzNUM5W,18
trc20,SUNCAT,TAwAg9wtQzTMFsijnSFotJrpxhMm3AqW1d,18
trc20,SUNWUKONG,TP3prcvQknVthrVnn281cKST56eWiLgJJM,18
trc20,BLAKE,TXtu3Ke9mJQtPtAQxmoTbzu3N4Qx4XP9Y2,18
trc20,QUBY,TRgnuKcAx4pNPS4hgLMNugKKtSrAqhGXM2,18
trc20,SUNNEIRO,TNFsYemyso755pjPs19bfdEuDnchbDzqua,18
trc20,MEOW,TR1iXU8Sp7oUYHXWiddsBervJzSbdibMFZ,18
trc20,MWD,TEfg1LnM3yApCjAgax35wDg6SRpmZFuQS3,18
trc20,SUNLION,TBk4dXtfo6j3rxPc1VJDhA7BsVi2XHK1bi,18
trc20,Tcat,TVgHqeP41s3qMDH3oKBsScEUzvyXw6bKAm,18
trc20,BULL,TAt4ufXFaHZAEV44ev7onThjTnF61SEaEM,18
trc20,MUNCAT,TE2T2vLnEQT1XW647EAQAHWqd6NZL1hweR,18
trc20,IVfun,TSig7sWzEL2K83mkJMQtbyPpiVSbR6pZnb,18
trc20,DRGN,TV5yB8f4AdoAfVVUdkytyZnX5e7SeGAZr2,18
trc20,ROCK,TJvwMR3RjHc8jA9QwwjWGANrR3Y4scLSZm,18
trc20,VIKITA,TP7r1pDoS1snMjEJE1kE17GRt3Df4mYuZz,18
trc20,XLG,TQzUXP5eXHwrRMou9KYQQq7wEmu8KQF7mX,18
trc20,SUYA,TJUHBYfCSBLKC1fSGNprnKjppdsXm9dj6x,18
trc20,SUNPIG,TX4xgxs6ctAz8RFbpk4rPzBrULWHE7Siiq,18
trc20,TronDOG,TEKWczHwjSiS75N37YSz1fgraZLuarks86,18
trc20,TOPCAT,TD6xZDStjpd5FjgpNGihSYnm46nQUA6Dsj,18
trc20,YSU,TBAbgFHHpuLERRcUFvjnojtBjkBr39NFB7,18
trc20,CDOG,TVXmroHbJsJ6rVm3wGn2G9723yz3Kbqp9x,18
trc20,TBULL,TPeoxx1VhUMnAUyjwWfximDYFDQaxNQQ45,18
trc20,SUNPUMP,TMwk13CthNktLiNpo8WDRuUMpyrzZTVZYH,18
trc20,BICOIN,TF7ixydn7nfCgj9wQj3fRdKRAvsZ8egHcx,18
trc20,Neiro,TCGPc27oyS2x7S5pex7ssyZxZ2edPWonk2,18
trc20,ZAPO,TPUZseUsV89tM157aLfkuKYEaRKzBirmRb,18
trc20,PUSS,TX5eXdf8458bZ77fk8xdvUgiQmC3L93iv7,18
trc20,TWX,TTFreuJ4pYDaCeEMEtiR1GQDwPPrS4jKFk,18
trc20,DECKO,TRNneCXQMeGfZ7ma4Vo8UvqHaAk9L29BAA,18
trc20,HAMMY,TEBdrpWiPVSU3cmR96wCVYgsxb9fwwJSZi,18
trc20,PXAI,TCxDsTm4nHDwNmY5MUQ4GFmSsbUqHnee2W,18
trc20,KIT,TQVkTUQPKWdr2JtTy9X8ZxYUMuwBQap3Y7,18
trc20,SUNTRON,TPP9Pq2LQwtrwfyUDLSyFsKJwJjFouf45B,18
trc20,SUGAR,TQKQRxEDH2vhtxGB4obGeHwu7AqGDryU3C,18
trc20,Pino,TAbkLGngV1k8bNb5hnqW7oX46FG4Dbs5e2,18
trc20,N,TBBThLgHtUhGuT9DJ1rrzXDQ6j2XSP2Dq5,18
trc20,TUSD,TUpMhErZL2fhh4sVNULAbNKLokS4GjC1F4,18
trc20,USDD,TXDk8mbtRbXeYuMNS83CfKPaYYT8XWv9Hz,18
trc20,BUSD,TMz2SWatiAtZVVcH2ebpsbVtYwUPT9EdjH,18
trc20,PAYN,TQYuR8FpmhMJK3ZpfoTgERjaZRywqMnFAH,8
trc20,BPX,TXBcx59eDVndV5upFQnTR2xdvqFd5reXET,18
trc20,JFI,TN7zQd2oCCguSQykZ437tZzLEaGJ7EGyha,18
trc10,BTTOLD,1002000,6
trc20,DCT,TRwptGFfX3fuffAMbWDDLJZAZFmP6bGfqL,18
trc20,CMCX,TKg1nGjtWYDcf1HNTSNQtwGwNAuTxd1X2A,18
trc20,SST,TBLQs7LqUYAgzYirNtaiX3ixnCKnhrVVCe,8
trc20,POLL,TFZkrMkKawhgH2gLUhL8Q7N5sFY7bxJJyn,8
trc10,DEC,1002361,0
trc10,PALG,1003887,6
trc20,CNF,TKRYQndqTdnU4Bg17gY39rooyK6CzM3ush,18
trc20,CNC,TL5BvThAMg9QBCvbgXu7HwHh8HqGdAq4DD,10
trc10,GMCOIN,1002357,2
trc20,WSTUSDT,TGkxzkDKyMeq2T7edKnyjZoFypyzjkkssq,18
trc20,REAL,TGBfBt6Y2Dm3RHdNpZAdqywBsvfdysf834,6
trc20,HTX,TUPM7K8REVzD2UdV4R5fe5M8XbnR2DdoJ6,18
trc20,KRRX,THS2ZuQowumzFPD1z3wchB1PijWMggUgmA,4
trc20,BTCT,TN3W4H6rK2ce4vX9YnFQHwKENnHjoxb3m9,8
trc20,UAHG,TK4zHRAU1WrRPivksia3BMs2JvSLT63opb,6
trc20,LLD,TC8QDMS2nLdWMT7iJwvtG5YH6XiGEJT6om,18
trc20,PROS,TFf1aBoNFqxN32V2NQdvNrXVyYCy9qY8p1,18
trc20,USHARK,TE9f8MGouEdh2jPqDaUgUVaJYLKkV6vhv6,18
trc20,FRED,TFenNvccFr9zvkh9xhQspcAxY4xxttNkWg,18
trc20,SQUID,TSjUeAj5y2p1QBX7353CKDAqHdb6gcpJhR,18
trc20,CAMT,TTLVdtBYipLVqVbPaaQb2Zbcubbpddtxu7,18
trc10,GPCX,1003026,4
trc20,ECG,TLWH5YFXkd9UgU6gspkfy7bUEJuYmtDq5i,6
trc20,BCN,TAoA331n3iKDkR62kAZ4H2n3vNL7y3d8x9,6
trc20,PEPEONTRON,TMacq4TDUw5q8NFBwmbY4RLXvzvG5JTkvi,18
trc20,USD1,TPFqcBAaaUMCSVRCqPaQ9QnzKhmuoLR6Rc,18